time_period,location,sample_0
2023-07,loc1,325.0
2023-08,loc1,449.9999999999999
2023-09,loc1,449.9999999999999
